{
    "info": {
        "totalSale": 31568060.961,
        "totalProfit": 1871971.43,
        "rate": 0.05929953798279476
    },
    "store": {
        "storeName": [
            "临泉路",
            "人民路店",
            "众兴店",
            "定远路店",
            "庐江路",
            "杨店店",
            "海恒店",
            "燎原店",
            "金寨店"
        ],
        "saleByStore": [
            3774225.952,
            3329926.558,
            3791267.165,
            3445234.352,
            3505012.553,
            3344368.597,
            3625606.292,
            3314062.654,
            3438356.838
        ],
        "profitByStore": [
            221276.86,
            201987.6,
            225528.25,
            212202.94,
            214328.09,
            201630.02,
            202625.56,
            193641.39,
            198750.72
        ]
    },
    "category": {
        "name": [
            "办公用品",
            "家具",
            "技术"
        ],
        "saleByCategory": [
            13386644.285,
            9435154.225,
            8746262.451
        ],
        "profitByCategory": [
            881449.01,
            501008.33,
            489514.09
        ],
        "subcategory": {
            "name": [
                "信封",
                "器具",
                "收纳具",
                "标签",
                "用品",
                "系固件",
                "纸张",
                "美术",
                "装订机",
                "书架",
                "桌子",
                "椅子",
                "用具",
                "复印机",
                "电话",
                "设备",
                "配件"
            ],
            "saleBySubcategory": [
                1082641.945,
                3256882.286,
                2475678.38,
                932037.834,
                1154617.709,
                886784.43,
                973474.488,
                949465.566,
                1675061.647,
                3516038.89,
                1201921.406,
                3348251.1720000003,
                1368942.757,
                2960340.775,
                2840247.445,
                1390319.931,
                1555354.3
            ],
            "profitBySubcategory": [
                90499.06,
                143583.35,
                183047.76,
                61221.77,
                85855.83,
                63515.9,
                83270.08,
                60919.23,
                109536.03,
                189277.93,
                23497.28,
                183715.58,
                104517.54,
                150309.96,
                148648.45,
                82243.83,
                108311.85
            ]
        }
    },
    "pay": {
        "payWay": [
            "信用卡",
            "其它",
            "微信",
            "支付宝"
        ],
        "payCount": [
            6847,
            6324,
            3886,
            2433
        ]
    },
    "customer": {
        "type": [
            "消费者",
            "公司",
            "小型企业"
        ],
        "customerCount": [
            9973,
            6129,
            3388
        ]
    },
    "year": {
        "years": [
            2014,
            2015,
            2016,
            2017,
            2018,
            2019,
            2020
        ],
        "saleByYear": [
            4412262.869,
            4498083.138,
            4539316.061,
            4679272.689,
            5058245.64,
            5930941.128,
            2449939.436
        ],
        "profitByYear": [
            262239.89,
            265923.03,
            271257.94,
            281202.8,
            301804.25,
            346431.11,
            143112.41
        ]
    },
    "region": {
        "regionName": [
            "东北",
            "中南",
            "华东",
            "华北",
            "西北",
            "西南"
        ],
        "saleByRegion": [
            5262995.22,
            8312590.139,
            8093188.337,
            5483013.452,
            1599054.17,
            2817219.643
        ],
        "profitByRegion": [
            301930.83,
            489934.11,
            481913.61,
            339859.13,
            96572.22,
            161761.53
        ]
    },
    "like": {
        "Name": "杨洪光",
        "sales": 9136594.442,
        "profit": 527548.76
    }
}